longitude,Latitude,pH,EC,OC,N,P,K
81.40027798,6.401111202,8.3,0.1,0.37,141,3.5,596.25
78.844166,11.208333,8.1,0.14,0.52,165,31.25,500
78.844166,11.210833,7.9,0.12,0.29,125,9.75,694.5
78.755556,11.340833,8.1,0.2,0.34,133,6.5,307.75
78.844166,11.344166,8.4,0.16,0.27,125,22.5,512.5
78.846944,11.344166,8,0.15,0.51,165,22.5,575
78.9775,11.344166,8.3,0.15,0.35,141,28.13,454.63
78.844166,11.394166,7.9,0.11,0.41,149,4.88,596.25
78.755833,11.455556,8.2,0.18,0.37,141,12.5,240.5
78.839722,11.455833,8.1,0.16,0.48,157,22.5,612.5
78.839722,11.456389,8.4,0.17,0.6,181,22.5,575
78.839444,11.456389,8.1,0.12,0.26,125,6.5,192.375
78.839166,11.456389,8.1,0.12,0.26,125,6.5,192.375
78.756111,11.46222,8,0.11,0.38,141,11.375,240.5
78.95222246,11.4800001,8.2,0.19,0.23,117,7,443.75
78.8747224,11.49555567,8.3,0.18,0.51,165,8.75,402.5
78.97388915,11.50000012,8.2,0.17,0.38,141,7,457.5
78.64055575,11.5002779,8.2,0.21,0.46,157,8.75,443.75
79.01722251,11.50250012,8.1,0.23,0.59,173,8.75,500
79.10972253,11.50333346,8.1,0.18,0.46,157,5.25,485
78.94972244,11.50583347,8,0.14,0.63,181,5.25,527.5
78.95138913,11.51138902,8.1,0.17,0.65,189,8.83,513.75
78.92166686,11.51638902,8,0.18,0.32,133,10.5,555
78.89861131,11.51833347,8.2,0.14,0.65,189,8.75,527.5
78.9022224,11.52305569,8,0.15,0.54,165,8.75,443.75
78.95027803,11.52472235,6.8,0.06,0.36,141,5.25,62.5
78.92944467,11.52638903,8.2,0.2,0.35,141,5.25,416.25
78.98750026,11.52694459,8.3,0.16,0.57,173,7,321.25
78.99888916,11.52888903,8,0.64,0.33,133,7,555
79.03500029,11.53388905,8.2,0.1,0.53,165,8.75,555
78.99000024,11.54305572,8.1,0.11,0.55,173,5.25,527.5
78.91472242,11.54694461,8.3,0.21,0.55,173,8.75,443.75
78.97805581,11.54916684,8,0.12,0.38,141,7,568.75
78.89583352,11.55138904,8.1,0.13,0.46,157,8.75,416.25
83.92083753,11.55250016,8,0.19,0.35,141,8.75,500
78.97027803,11.55444462,8.2,0.19,0.52,165,10.5,443.83
78.95888913,11.5622224,8.3,0.21,0.56,173,8.75,402.5
79.02305584,11.56305573,8,0.18,0.3,133,7,500
79.0147225,11.56555574,8.4,0.18,0.72,197,7,471.25
78.88166685,11.57277796,8.1,0.18,0.42,149,8.75,500
79.02138918,11.57305574,8.3,0.2,0.59,173,10.5,443.75
81.40500218,11.5747224,8.1,0.12,0.68,189,5.25,527.5
79.78083378,11.57500018,8.2,0.17,0.59,173,7,555
78.95333359,11.57805575,8.3,0.18,0.57,173,10.5,416.25
78.90000018,11.58333352,8.1,0.14,0.32,133,8.75,555
78.99000028,11.5847224,7.6,0.06,0.34,133,8.75,67.5
79.60388936,11.58472242,8.2,0.17,0.35,141,7,471.25
79.6986116,11.58472242,8.3,0.18,0.46,157,5.25,443.75
78.96777803,11.59472242,8.2,0.21,0.36,141,10.5,375
78.93444465,11.59500021,8.3,0.18,0.39,141,8.75,375
78.97083359,11.59527797,8.3,0.2,0.46,157,7,388.75
78.96750025,11.59583353,8.2,0.18,0.47,157,12.5,443.75
79.69111159,11.59638909,8.1,0.21,0.43,149,8.75,416.25
78.9644447,11.59638909,8.3,0.18,0.5,165,10.5,527.5
79.96694548,11.59666687,8.2,0.19,0.72,197,7,388.75
78.99583362,11.59805574,7.2,0.09,0.4,149,7,70
79.32888942,11.60444466,8,0.25,0.35,141,5.25,457.5
79.00333362,11.61694466,8,0.2,0.36,141,7,500
78.98416694,11.62194465,7.2,0.07,0.48,157,5.25,65
78.98611136,11.62500022,8,0.13,0.3,133,7,471.25
79.01750028,11.62888911,8.3,0.2,0.61,181,12.5,388.75
78.98805584,11.64444467,6.8,0.06,0.43,149,8.75,50
78.97305582,11.65055579,6.7,0.09,0.39,141,5.25,72.5
78.89055574,11.66611137,8,0.18,0.4,149,7,500
79.81861205,11.69777806,8.1,0.16,0.52,165,7,295
80.1813902,11.704167,8.3,0.14,0.48,157,12.5,568.75
78.93444463,11.70555584,7.9,0.2,0.68,189,10.5,485
78.93583356,11.74305587,8,0.18,0.5,165,5.25,500
79.56555596,11.78388906,8.1,0.09,0.25,125,16.25,725
80.85250143,11.78611127,8.04,0.09,0.23,117,6.88,763.75
79.53888926,11.78861127,7.99,0.03,0.05,93,6.88,1027.5
79.4325003,11.78888905,8.02,0.07,0.34,133,8.75,902.5
79.57833375,11.78888906,8.06,0.06,0.39,133,3.75,1027.5
79.02166695,11.79111146,8,0.17,0.42,149,8.75,471.25
79.09361146,11.79333369,8.1,0.15,0.49,157,8.75,527.5
79.49500034,11.79555572,8.05,0.11,0.51,165,8.75,1027.5
79.44416696,11.79555572,8.08,0.1,0.23,117,16.25,902.5
79.44722252,11.79694461,8.05,0.08,0.27,125,7,875
79.44611141,11.79805572,8.39,0.19,0.27,125,15.63,485
79.44444474,11.79916684,8.06,0.08,0.35,141,8.75,902.5
79.44833363,11.8008335,8.05,0.1,0.32,133,18.75,1027.5
79.44555585,11.80194462,8.11,0.08,0.37,141,7,916.25
79.45083363,11.80361128,8.01,0.06,0.34,133,3.75,1027.5
79.45833364,11.81027795,7.97,0.19,0.44,149,10.5,846.25
79.43722251,11.81277795,7.97,0.07,0.44,149,25,805
79.44722252,11.81388906,8.03,0.05,0.46,157,10.5,902.5
79.44138918,11.81388906,8,0.19,0.46,157,18.75,777.5
79.45416697,11.8172224,7.98,0.11,0.49,157,10.5,791.25
79.45555585,11.81805572,8.03,0.1,0.4,149,10.5,818.75
79.45333363,11.81888906,8.01,0.17,0.46,157,12.5,750
79.43916696,11.81944461,7.97,0.09,0.54,165,10.5,791.25
79.45333364,11.81972239,7.92,0.13,0.46,157,10.5,687.5
78.85444462,11.8208337,7,0.04,0.43,149,7,57.5
79.44944474,11.82111128,7.87,0.13,0.49,157,18.75,902.5
79.46222252,11.82194461,8.07,0.06,0.49,157,7,805
79.44611141,11.82222239,7.65,0.2,0.44,149,21.88,875
79.4550003,11.82250017,7.9,0.13,0.51,165,10.5,971.25
79.45666697,11.82250017,8.05,0.18,0.49,157,3.5,832.5
79.45666696,11.8233335,8.01,0.19,0.51,165,25,902.5
79.49333367,11.82416684,7.93,0.09,0.51,165,10.5,700
79.43833362,11.82444461,7.98,0.14,0.44,149,18.75,805
79.47027808,11.82444461,8.02,0.18,0.44,149,12.5,846.25
79.44055585,11.82527796,8.04,0.16,0.4,147.5,10.5,943.75
79.46583364,11.82611129,7.98,0.07,0.44,149,10.5,777.5
79.44583363,11.82666685,8.03,0.13,0.49,157,5.25,750
79.46388919,11.8272224,7.87,0.05,0.49,157,8.75,902.5
79.44194474,11.82861128,8.07,0.09,0.49,157,12.5,1067.5
79.42944474,11.82888908,7.99,0.1,0.31,133,16.25,1027.5
79.5800004,11.82888908,8.02,0.08,0.37,141,16.25,916.25
79.45250029,11.83000017,8.02,0.19,0.51,165,8.75,513.75
79.44250029,11.8322224,8.03,0.09,0.4,149,10.5,902.5
79.46694475,11.8372224,7.94,0.28,0.51,165,7,875
79.45611141,11.8372224,8.09,0.08,0.49,157,5.25,818.75
79.4675003,11.83777796,7.96,0.06,0.44,149,18.75,875
79.43555584,11.8383335,8.04,0.17,0.49,157,12.5,943.75
79.47277809,11.83861128,7.96,0.09,0.49,157,18.75,875
79.4725003,11.83861129,7.93,0.19,0.49,157,8.75,805
79.69222273,11.83861133,8.3,0.12,0.38,141,12.5,700
79.45972252,11.83888907,8.02,0.09,0.49,157,12.5,750
79.46027808,11.8397224,7.97,0.09,0.49,157,12.5,902.5
79.44916697,11.84138906,8.01,0.25,0.44,149,7,791.25
79.44666696,11.84166685,8.02,0.11,0.51,165,8.75,777.5
79.45638919,11.84444462,7.9,0.14,0.46,157,18.75,700
79.07972245,11.8463891,7.86,0.1,0.15,109,16.25,485
79.45944474,11.84777796,8.01,0.16,0.46,157.23,10.5,846.25
80.40027885,11.85083355,8.13,0.07,0.17,109,3.75,763.75
79.68472272,11.85194468,8.2,0.09,0.33,133,7,763.75
79.56222261,11.85583355,7.98,0.08,0.31,133,6.88,902.5
79.44444474,11.86138911,8.16,0.09,0.27,125,23.13,1055
79.6711116,11.86416691,8.06,0.1,0.58,173,3.75,916.25
79.54166704,11.87500023,8.43,0.06,0.17,109,6.88,916.25
80.70083505,11.87500047,8.2,0.14,0.4,149,10.5,375
81.9072245,11.87888914,8.16,0.09,0.31,133,16.25,1027.5
79.65944492,11.88055581,8.1,0.08,0.44,149,15.63,832.5
79.44444474,11.88250024,8.02,0.11,0.21,117,6.88,957.5
79.48888922,11.89472249,8.1,0.1,0.25,125,21.88,737.5
80.29388986,11.89833358,8.05,0.1,0.37,141,16.25,1082.5
79.47250032,11.90277805,8.1,0.09,0.35,141,15.63,846.25
79.43388918,11.90333361,8,0.06,0.35,141,10.5,662.5
79.5055559,11.90444472,8,0.08,0.3,133,18.75,527.5
79.67111156,11.91111137,8.1,0.18,0.54,165,8.75,443.75
79.63138932,11.91722248,8.1,0.21,0.4,149,12.5,402.5
79.59472264,11.92222249,8.05,0.07,0.37,141,8.75,916.25
79.50611146,11.92305584,8.01,0.06,0.29,125,14.38,957.5
79.60111154,11.92444473,8.2,0.11,0.25,125,18.75,637.5
79.57222263,11.92555584,8.05,0.08,0.42,109,6.88,971.25
79.68666713,11.93305583,8.1,0.18,0.52,165,10.5,443.75
80.11889015,11.93472274,8.2,0.09,0.51,165,12.5,568.75
79.08694487,11.94000052,8.5,0.11,0.4,149,7,596.25
79.68972268,11.94277806,8.1,0.15,0.39,141,5.25,500
79.5927782,11.94277808,8.2,0.08,0.33,133,10.5,610
79.66111157,11.9497225,8.3,0.19,0.31,133,10.5,375
79.62333378,11.95250031,8,0.11,0.27,125,25,527.5
79.59972264,11.95472252,8.01,0.1,0.3,133,10.5,971.25
79.67833379,11.96055585,8.1,0.16,0.59,173,7,485
78.88250019,11.96333383,8,0.15,0.51,165,7,500
79.61111154,11.96388919,8.05,0.09,0.23,117,3.75,957.5
79.44888919,11.96416697,7.99,0.06,0.31,133,16.25,1082.5
79.67666716,11.96500032,8.2,0.12,0.35,141,37.5,791.25
79.45027808,11.9713892,7.99,0.11,0.32,133,3.5,725
79.44861141,11.97500031,8.2,0.06,0.3,133,7,1082.5
79.44694474,11.97777809,8.05,0.09,0.35,141,3.5,957.5
79.58888931,11.98111145,8.11,0.07,0.21,117,23.13,902.5
79.59611153,11.98750032,8.06,0.11,0.37,141,10.63,725
79.68944493,11.98777809,8.3,0.18,0.55,173,8.75,500
79.06416697,11.98833367,8.15,0.1,0.37,141,16.25,485
79.57527818,11.98916699,8.05,0.07,0.23,125,3.75,485
79.52583367,11.98944476,8.3,0.19,0.52,165,7,471.25
79.44805585,11.98944477,8.05,0.19,0.42,149,14.38,902.5
79.69472271,11.99250031,8.2,0.2,0.73,197,8.75,362.5
79.52638925,11.99305588,8.15,0.07,0.32,133,37.5,763.75
78.97166701,11.99500058,8.4,0.09,0.4,149,3.5,555
79.25500057,11.99944502,8.5,0.07,0.43,149,3.5,471.25
79.44805585,12.00388922,8.39,0.1,0.21,117,8.75,971.25
81.02194634,12.04361166,7.3,0.08,0.34,133,3.5,60
80.14805684,12.05861173,8.4,0.07,0.43,149,1.75,541.25
80.19277901,12.06527834,7,0.07,0.34,133,5.25,72.5
79.05694486,12.07388953,8.4,0.12,0.46,157,1.75,582.5
79.47055586,12.08083371,8.02,0.23,0.44,149,10.5,777.5
80.29861243,12.08500059,8.2,0.16,0.52,165,7,513.75
79.07583376,12.08638954,8.4,0.09,0.4,149,5.25,457.5
80.35139034,12.08750064,8,0.08,0.37,141,7,500
79.81722327,12.09250065,8.3,0.11,0.4,149,5.25,596.25
79.12666705,12.1288895,7.4,0.08,0.43,149,7,62.5
79.35250056,12.1491673,6.8,0.08,0.4,149,8.75,70
79.56777817,12.15250045,8.06,0.09,0.29,125,23.13,1082.5
79.60083409,12.16138953,7.5,0.08,0.4,149,5.25,75
79.98055662,12.16611175,7.6,0.07,0.34,133,3.5,67.5
79.55111149,12.18444492,8.04,0.13,0.58,173,3.75,957.5
77.20889255,12.18960143,8.4,0.1,0.34,133,7,555
79.72222317,12.20027852,8.2,0.1,0.34,133,7,416.25
79.72361206,12.20027852,8.2,0.1,0.37,141,5.25,485
79.72444539,12.20222296,8.3,0.12,0.37,141,5.25,500
80.4050014,12.20833401,6.9,0.06,0.43,149,7,75
79.99583441,12.26305628,6.9,0.08,0.34,133,10.5,60
79.73194531,12.26722295,7.3,0.09,0.4,149,5.25,70
119.740033,12.28388969,8.3,0.1,0.6,181,12.5,430
86.51889529,12.28500081,8.2,0.08,0.46,157,5.25,416.25
79.84138993,12.29111192,8.3,0.11,0.39,141,7,527.5
80.50277927,12.30777853,7.2,0.06,0.34,133,7,65
79.51305625,12.30888965,7,0.06,0.46,157,7,65
80.32722367,12.31083416,8.5,0.1,0.42,149,5.25,362.5
79.92694547,12.3258341,7.2,0.1,0.4,149,5.25,65
78.93277799,12.33305635,7.9,0.27,0.45,157,5.25,500
79.00416693,12.35611192,8,0.19,0.56,173,5.25,443.75
79.65361191,12.40750067,8.05,0.08,0.37,141,8.75,957.5
79.68250083,12.42277863,6.8,0.06,0.37,141,8.75,75
80.56555676,12.44416736,8.04,0.1,0.51,165,10.63,141.5
78.94166688,12.44638977,8,0.14,0.45,157,8.75,443.75
79.88055663,12.44750094,8.4,0.12,0.36,141,3.5,555
76.71999987,12.44999982,8.5,0.1,0.42,149,5.25,362.5
79.48222256,12.47611183,8.03,0.19,0.21,117,14.38,916.25
77.09999725,12.50000016,8.5,0.09,0.43,149,3.5,513.75
222.1801149,12.57000104,8.4,0.11,0.34,133,3.5,402.5
80.34583468,12.605001,8.1,0.2,0.49,157,10.5,457.5
205.8901019,12.61000106,8.5,0.1,0.45,157,8.75,541.25
79.26111159,12.64222326,7.9,0.39,0.3,133,8.75,555
79.43500029,12.66111199,8.05,0.11,0.05,93,16.25,1082.5
76.3599998,12.66999986,8.3,0.11,0.43,149,7,527.5
75.20947866,12.69899404,8,0.19,0.45,157,5.25,485
79.68083383,12.73861205,8.03,0.11,0.15,109,6.88,957.5
80.53805706,12.84194564,8.1,0.18,0.66,189,5.25,430
81.97222455,12.84472325,8.43,0.08,0.27,125,8.83,902.5
78.8961113,12.85722343,8.1,0.17,0.6,181,8.75,457.5
76.23816561,12.87773157,8.02,0.08,0.37,141,16.25,916.25
95.39001349,12.88805685,8,0.08,0.34,133,12.5,485
76.05319918,12.89662324,8.4,0.18,0.42,149,5.25,457.5
88.82584158,12.91750131,8.2,0.07,0.37,141,10.5,555
78.94500033,12.9188902,8.5,0.08,0.45,157,8.75,500
79.34833398,12.99916805,8.2,0.08,0.37,141,12.5,568.75
91.09501007,13.02944585,8.6,0.11,0.34,133,5.25,568.75
79.00277805,13.09750141,8,0.25,0.26,125,8.75,430
76.06999974,13.1000003,8.4,0.12,0.34,133,3.5,596.25
75.64381958,13.12364392,8.09,0.08,0.49,157,5.25,818.75
76.11911808,13.12780281,8.5,0.11,0.45,157,3.5,568.75
77.348612,13.14000026,8.06,0.06,0.39,133,3.75,1027.5
79.50000034,13.14833458,8.04,0.08,0.39,141,10.63,725
77.10000006,13.25000005,7.4,0.08,0.43,149,7,62.5
77.12999726,13.28999728,7.9,0.39,0.3,133,8.75,555
77.12888614,13.31749729,7.9,0.39,0.3,133,8.75,555
77.91244213,13.31896618,8.4,0.07,0.43,149,1.75,541.25
77.12888614,13.32333062,7.9,0.39,0.3,133,8.75,555
77.16221948,13.32333062,7.9,0.39,0.3,133,8.75,555
77.12999726,13.32333062,7.9,0.39,0.3,133,8.75,555
77.06610113,13.34245202,8.06,0.1,0.58,173,3.75,916.25
80.96805708,13.64972389,8.3,0.1,0.3,133,40,846.25
79.65194492,13.6572239,8.1,0.09,0.41,149,37.5,875
76.0685389,13.70664181,8.4,0.11,0.42,149,7,596.25
78.8444447,13.71889084,8.3,0.12,0.43,149,3.5,443.75
84.42722682,13.7783353,8.1,0.18,0.57,173,6.25,485
77.17286365,13.797721,8.6,0.12,0.57,173,10.5,500
80.07111235,13.84583539,8.4,0.11,0.46,157,8.75,485
78.90333352,13.85916867,8.2,0.14,0.64,181,8.75,443.75
79.4411114,13.91944631,8.08,0.1,0.35,141,18.75,902.5
75.44466204,13.98342409,7.2,0.09,0.4,149,7,70
78.93388912,14.03777993,8.1,0.17,0.46,157,7,527.5
78.19500005,14.070278,7.99,0.11,0.32,133,3.5,725
79.25222279,14.08278002,8.3,0.1,0.37,141,3.5,596.25
79.25500057,14.0855578,8.5,0.08,0.37,141,5.25,513.75
81.39555742,14.15889097,8.1,0.09,0.38,141,12.5,725
80.28666807,14.16278008,8.5,0.12,0.6,181,5.25,388.75
77.46733232,14.22281616,8.4,0.13,0.46,157,7,625
78.91388919,14.23500236,8.5,0.13,0.6,181,8.75,471.25
95.43390233,14.32194681,7,0.05,0.43,149,3.5,55
78.43611141,14.45444474,8.2,0.19,0.72,197,7,388.75
79.29305617,14.64694714,8.5,0.1,0.4,149,5.25,457.5
78.51666803,14.76444571,8.05,0.1,0.32,133,18.75,1027.5
75.3988,14.932,8.4,0.08,0.42,149,8.75,596.25
76.45243954,14.97161631,7.97,0.09,0.54,165,10.5,791.25
75.26214645,14.99634243,8.3,0.08,0.46,157,8.75,541.25
77.29250089,15.09027954,8.04,0.16,0.4,147.5,10.5,943.75
80.33500144,15.1650031,8.6,0.12,0.57,173,10.5,500
76.93881602,15.69453376,7.99,0.1,0.31,133,16.25,1027.5
76.97221825,15.75351126,8.16,0.09,0.27,125,23.13,1055
86.88278436,15.76000351,7.5,0.08,0.37,141,5.25,70
101.9800187,15.98889268,8.3,0.09,0.4,149,3.5,295
77.08550419,16.0271314,8.1,0.23,0.59,173,8.75,500
77.3895748,16.08177503,7.5,0.08,0.37,141,5.25,70
76.3733148,16.48766593,6.8,0.08,0.4,149,8.75,70
89.69084216,16.49750412,8,0.21,0.33,133,7,485
76.18817643,16.60448957,8.01,0.19,0.51,165,25,902.5
76.2194631,16.61509235,8.1,0.09,0.41,149,37.5,875
75.68446597,16.67328764,8.4,0.1,0.43,149,3.5,272.5
75.83491239,16.75140626,7.3,0.09,0.4,149,5.25,70
75.83491239,16.75157904,7.3,0.09,0.4,149,5.25,70
75.70288486,16.78603516,8.5,0.09,0.36,141,5.25,513.75
79.30083385,16.7930599,7.5,0.09,0.37,141,3.5,60
75.74568266,16.97968131,8.01,0.25,0.44,149,7,791.25
79.13000046,16.99000456,8.5,0.12,0.51,165,10.5,513.75
93.05723375,17.00944897,8,0.24,0.33,133,7,443.75
79.3027783,17.0430601,6.9,0.09,0.37,141,5.25,50
75.99569937,17.0827353,8.4,0.13,0.34,133,8.75,596.25
76.62555589,17.12583357,8.2,0.1,0.34,133,7,416.25
75.86677712,17.16720559,8.5,0.12,0.45,157,10.5,555
75.71345543,17.19962199,8.5,0.08,0.45,157,8.75,500
75.81333073,17.32939896,8.4,0.14,0.42,149,1.75,541.25
75.82550517,17.3582723,8.5,0.09,0.4,149,7,582.5
77.79611271,17.4636121,7.5,0.08,0.4,149,5.25,75
80.75277954,17.63889397,8.6,0.1,0.4,149,5.25,541.25
80.01027897,17.77778298,8.4,0.1,0.4,149,5.25,500
77.40500146,18.16611249,8.11,0.08,0.21,117,6.88,916.25
76.23138918,18.17861258,8.4,0.1,0.37,141,5.25,500
77.12777928,18.20416754,8.4,0.09,0.43,149,1.75,527.5
151.7072807,18.21000547,7.4,0.09,0.43,149,7,75
79.77000099,18.26500558,8.5,0.1,0.54,165,10.5,610
76.06944475,18.30139046,8.4,0.19,0.34,133,5.25,568.75
79.97555673,18.33389454,8.5,0.09,0.43,149,3.5,513.75
83.11500368,18.47000576,8.6,0.11,0.4,149,7,471.25
78.77916686,18.64028367,8.3,0.09,0.43,149,5.25,527.5
86.22583948,18.85500605,8.5,0.12,0.31,133,10.5,513.75
79.12555602,18.90500609,8.4,0.13,0.46,157,7,625
115.5100296,18.98000616,8.5,0.12,0.34,133,5.25,513.475
83.65861285,19.56250038,8,0.2,0.36,141,7,500
83.50166828,19.57250039,8,0.2,0.36,141,7,500
83.59805724,19.5825004,8,0.2,0.36,141,7,500
83.24222363,19.58944485,8,0.2,0.36,141,7,500
83.32805703,19.61305598,8,0.2,0.36,141,7,500
83.44777935,19.62833377,8,0.2,0.36,141,7,500
184.0100844,19.70889564,8.3,0.09,0.43,149,3.5,443.75
79.01805584,19.78000675,8,0.13,0.32,133,7,485
79.79722323,19.81000682,8.3,0.14,0.46,157,8.75,568.75
83.15777869,19.83388936,6.8,0.06,0.43,149,8.75,50
82.10583384,20.09722301,8.01,0.1,0.3,133,10.5,971.25
82.03888934,20.10805635,8.01,0.1,0.3,133,10.5,971.25
82.19638947,20.16222306,8.01,0.1,0.3,133,10.5,971.25
81.9913893,20.30305651,8.01,0.1,0.3,133,10.5,971.25
81.95305594,20.35527877,8.01,0.1,0.3,133,10.5,971.25
81.40694465,20.39750009,8.3,0.1,0.37,141,3.5,596.25
81.40027798,20.39972231,8.3,0.1,0.37,141,3.5,596.25
81.44444468,20.40222231,8.3,0.1,0.37,141,3.5,596.25
81.45444469,20.40527787,8.3,0.1,0.37,141,3.5,596.25
81.45388913,20.41333343,8.3,0.1,0.37,141,3.5,596.25
82.13527835,20.44027886,8.4,0.12,0.36,141,10.5,541.25
79.75388986,20.46584069,8.4,0.14,0.42,149,1.75,541.25
81.83138917,20.5152789,8.01,0.1,0.3,133,10.5,971.25
176.6200784,20.52000732,6.8,0.08,0.34,133,5.25,75
86.13583931,20.61778519,8.1,0.14,0.72,197,8.75,485
187.0034201,20.69500754,8.4,0.12,0.42,149,5.25,596.25
84.87889104,20.77000137,8.1,0.23,0.59,173,8.75,500
84.51333519,20.77000137,8.1,0.23,0.59,173,8.75,500
82.46527799,20.79139027,8.1,0.23,0.59,173,8.75,500
82.31527787,20.79472361,8.1,0.23,0.59,173,8.75,500
165.2406249,20.83500765,8.4,0.12,0.4,149,7,485
81.72916704,20.85888911,8.04,0.08,0.39,141,10.63,725
81.72944482,20.85916688,8.04,0.08,0.39,141,10.63,725
81.7297226,20.85944466,8.04,0.08,0.39,141,10.63,725
81.73000037,20.85972244,8.04,0.08,0.39,141,10.63,725
81.73027815,20.86000022,8.04,0.08,0.39,141,10.63,725
79.05777819,20.95500774,8.4,0.18,0.42,149,5.25,457.5
88.86389715,21.12000788,8.4,0.12,0.34,133,3.5,596.25
92.85890025,21.12250782,8.1,0.13,0.5,165,8.75,555
167.1800709,21.13000788,8.4,0.1,0.37,141,3.5,416.25
81.29389109,21.17000792,8.5,0.13,0.39,141,7,527.5
82.37861183,21.211389,8.3,0.08,0.46,157,8.75,541.25
80.33277922,21.23500798,8.4,0.08,0.43,149,5.25,443.75
82.04222224,21.36333346,8.2,0.2,0.73,197,8.75,362.5
79.00944482,21.38278586,8.3,0.25,0.42,149,5.25,362.5
82.07555637,21.38944525,8.5,0.12,0.31,133,10.5,513.75
79.78083433,21.50889708,8.4,0.12,0.36,141,3.5,555
82.06388934,21.54222399,8.5,0.11,0.4,149,7,596.25
82.03888932,21.56666845,8.5,0.11,0.4,149,7,596.25
82.14027829,21.60000181,8.5,0.11,0.4,149,7,596.25
79.20250042,21.62889712,7.9,0.18,0.3,133,8.75,555
91.37584362,21.65778608,8.4,0.1,0.4,149,5.25,500
82.00916742,21.73500108,8.5,0.12,0.31,133,10.5,513.75
82.03916745,21.74138997,8.5,0.12,0.31,133,10.5,513.75
81.98638963,21.74750109,8.5,0.12,0.31,133,10.5,513.75
83.3811112,21.75833349,8.5,0.15,0.34,133,3.5,582.5
83.38166675,21.75861127,8.5,0.15,0.34,133,3.5,582.5
83.38083342,21.75861127,8.5,0.15,0.34,133,3.5,582.5
83.38083342,21.75888905,8.5,0.15,0.34,133,3.5,582.5
83.38250009,21.75916682,8.5,0.15,0.34,133,3.5,582.5
81.94666737,21.76388999,8.5,0.12,0.31,133,10.5,513.75
81.92055624,21.79305668,8.5,0.12,0.31,133,10.5,513.75
82.18833388,21.8236131,8.5,0.11,0.4,149,7,596.25
82.35583341,21.85277795,8.2,0.12,0.43,149,7,555
82.35555563,21.85277795,8.2,0.12,0.43,149,7,555
82.35555563,21.85305573,8.2,0.12,0.43,149,7,555
82.1363894,21.87250203,8.5,0.11,0.4,149,7,596.25
79.85527883,21.87695293,8.5,0.13,0.34,133,3.5,582.5
82.57472234,21.90944463,8.3,0.12,0.38,141,12.5,700
82.18833388,21.92805763,8.5,0.11,0.4,149,7,596.25
83.17916799,21.9647228,8,0.18,0.5,165,5.25,500
82.31444535,22.02055596,8.1,0.09,0.25,125,16.25,725
91.15334063,22.03388942,8.4,0.12,0.34,133,8.75,596.25
82.31444535,22.03722263,8.1,0.09,0.25,125,16.25,725
82.86388907,22.15500003,8.5,0.08,0.45,157,8.75,500
83.11250127,22.1794452,8,0.18,0.5,165,5.25,500
83.23750137,22.18472298,8,0.18,0.5,165,5.25,500
83.1752791,22.19750077,8,0.18,0.5,165,5.25,500
83.21139024,22.19972299,8,0.18,0.5,165,5.25,500
83.17472354,22.20416744,8,0.18,0.5,165,5.25,500
83.19805689,22.20944522,8,0.18,0.5,165,5.25,500
79.39916726,22.21389759,8.1,0.13,0.45,157,7,513.75
83.17139021,22.26611193,8,0.18,0.5,165,5.25,500
91.8269551,22.2800088,8.4,0.11,0.29,125,5.25,485
82.65277811,22.31694452,8.4,0.1,0.4,149,5.25,500
83.24305693,22.35722301,8,0.18,0.5,165,5.25,500
83.36111192,22.36666736,8.3,0.14,0.48,157,12.5,568.75
83.36666748,22.37222292,8.3,0.14,0.48,157,12.5,568.75
83.37500082,22.41111184,8.3,0.14,0.48,157,12.5,568.75
89.7158423,22.71000915,8.4,0.09,0.31,133,3.5,457.5
221.7801146,22.76000918,8.6,0.12,0.54,165,8.75,527.5
9.699723262,22.88527801,6.9,0.08,0.34,133,10.5,60
8.387777888,22.93805588,8.2,0.19,0.52,165,10.5,443.83
83.79638906,22.94555575,8.2,0.19,0.72,197,7,388.75
83.79611128,22.94777798,8.2,0.19,0.72,197,7,388.75
83.79166683,22.94805575,8.2,0.19,0.72,197,7,388.75
83.79138905,22.94805575,8.2,0.19,0.72,197,7,388.75
83.79194461,22.94833353,8.2,0.19,0.72,197,7,388.75
83.79111127,22.94861131,8.2,0.19,0.72,197,7,388.75
83.79166683,22.94888909,8.2,0.19,0.72,197,7,388.75
83.79555572,22.94972242,8.2,0.19,0.72,197,7,388.75
83.79611128,22.94972242,8.2,0.19,0.72,197,7,388.75
83.7958335,22.9500002,8.2,0.19,0.72,197,7,388.75
80.25916804,22.98000935,8.5,0.14,0.37,141,10.5,582.5
81.69138917,23.00444504,7.92,0.13,0.46,157,10.5,687.5
83.8425019,23.0180576,8.3,0.09,0.43,149,3.5,340
81.99527846,23.22555694,8.05,0.11,0.05,93,16.25,1082.5
82.16000075,23.34333478,8.1,0.14,0.72,197,8.75,485
83.78305612,23.60750129,8.2,0.17,0.38,141,7,457.5
82.12277815,23.73194654,8.4,0.11,0.29,125,5.25,485
204.4301006,23.93334339,7.2,0.09,0.34,133,7,72.5
102.0922411,24.03501021,8.4,0.12,0.36,141,10.5,541.25
81.93444474,24.12277914,8.4,0.14,0.42,149,5.25,458.75
80.32722367,24.31001043,8.4,0.11,0.36,141,8.75,610
94.78390191,24.3408438,8.1,0.08,0.4,149,3.5,362.5
86.2319506,24.35501046,8.6,0.1,0.36,141,8.75,527.5
179.5900808,25.01001099,8.3,0.11,0.42,149,8.75,568.75
98.17390211,25.14000322,8.4,0.11,0.29,125,5.25,485
81.746944,25.296944,6.9,0.52,0,147.5,35,260
90.4794512,26.06472597,8.4,0.12,0.34,133,8.75,596.25
78.88833352,26.11056736,8,0.19,0.45,157,5.25,485
83.293573,26.2194,7.6,0.38,0,175,15,230
158.8100642,26.36195651,8.4,0.12,0.48,157,10.5,500
82.459444,26.414167,7.52,0.56,0,172.5,22.5,322.5
85.08000523,26.50445663,8.6,0.1,0.45,157,8.75,527.5
168.1900717,26.5200122,8.4,0.08,0.42,149,8.75,596.25
95.38001347,26.52390109,8.4,0.28,0.42,149,7,568.75
83.4,26.71,8,0.44,0,182.5,12.5,202.5
83.974167,26.808889,7.67,0.56,0,185,20,302.5
79.59166751,26.81001243,8.6,0.12,0.45,157,5.25,637.5
80.2276,27.07671,7.51,0.64,0,160,22.5,292.5
83.670834,27.116111,7.78,0.71,0,147.5,22.5,220
83.6711,27.1162,7.78,0.71,0,147.5,22.5,220
237.7401274,27.38001287,8.5,0.12,0.57,173,10.5,596.25
79.3229,27.4499,7.5,0.71,0,137.5,25,302.5
78.6884,27.4725,7.81,0.48,0,177.5,20,365
79.47555631,27.5577908,8.5,0.1,0.42,149,10.5,541.25
79.64083422,27.8950133,8.4,0.06,0.42,149,10.5,513.75
80.28416806,27.94001333,8.3,0.07,0.37,141,7,555
79.433819,28.120937,7.3,0.62,0,157.5,27.5,260
79.463314,28.204268,7.73,0.58,0,140,25,220
107.7311322,28.28972703,8.07,0.06,0.49,157,7,805
107.7327988,28.29111592,8.07,0.06,0.49,157,7,805
77.41,28.291666,7.81,0.74,0,165,35,250
107.7333544,28.29167148,8.07,0.06,0.49,157,7,805
107.7311322,28.29250481,8.07,0.06,0.49,157,7,805
77.9,28.5,7.63,0.64,0,157.5,25,302.5
78.053611,29.148889,7.36,0.52,0,165,20,292.5
78.053333,29.148889,7.36,0.52,0,165,20,292.5
78.053056,29.148889,7.36,0.52,0,165,20,292.5
219.7101129,30.22001515,8.4,0.09,0.51,165,8.75,527.5
102.1800189,34.52001859,8.4,0.09,0.54,165,10.5,887.5
90.0455624,34.63445666,8.3,0.11,0.43,149,7,527.5
90.0152846,34.65001223,8.3,0.11,0.43,149,7,527.5
90.0797291,34.74362342,8.3,0.11,0.43,149,7,527.5
79.36694524,36.78002039,8.4,0.09,0.37,141,5.25,541.25
127.240039,36.78002039,8.4,0.08,0.37,141,3.5,568.75
78.85638915,39.77002279,8.3,0.08,0.46,157,8.75,541.25
79.04500033,39.87002281,7.2,0.07,0.43,149,7,65
126.5400384,42.18002471,8.6,0.1,0.48,157,10.5,485
130.0900413,43.21002555,8.3,0.09,0.436,149,7,541.25
80.1813902,43.47863686,8.5,0.09,0.51,165,15.63,430
79.31000062,44.17002632,8.4,0.09,0.46,157,3.5,388.75
178.9700803,45.29002713,7.4,0.07,0.4,149,5.25,65
80.1738902,46.61002826,8.4,0.09,0.57,173,12.5,596.25
217.1301109,48.96003014,8.4,0.08,0.57,173,10.5,527.5
91.70195499,49.11003026,8.3,0.07,0.37,141,7,485
113.530028,53.23003356,8.2,0.1,0.4,149,3.5,513.75
79.75027876,57.9100373,8.5,0.08,0.4,149,3.5,457.5
114.7028091,58.12225832,8.04,0.08,0.39,141,10.63,725
79.04138928,65.01004298,8.4,0.09,0.54,165,3.5,443.75
81.21000215,67.41004492,8.4,0.1,0.37,141,5.25,500
79.14472275,68.44004575,8.4,0.1,0.43,149,3.5,272.5
182.3700831,68.74004597,8.4,0.09,0.34,133,5.25,513.75
79.16000049,69.56004662,8.3,0.1,0.48,157,7,388.75
160.7045102,74.41005051,8.4,0.09,0.37,141,8.75,500
167.8800715,75.38005128,8.3,0.1,0.37,141,7,541.25
141.2300502,76.42005212,8.26,0.15,0.39,140,11,350
82.69000333,80.59005545,8.2,0.12,0.43,149,7,555
79.63194532,82.24005676,8.4,0.12,0.34,133,10.5,596.25
79.01083371,86.71006035,8.3,0.1,0.37,141,7,513.75
79.08250045,88.24006157,8.4,0.09,0.43,149,3.5,555
93.93001232,89.04006221,8.6,0.11,0.39,141,7,513.75
142.0600507,95.70451192,6.9,0.1,0.43,149,8.75,60
168.0200716,96.13006787,8.4,0.11,0.2,117,8.75,485
82.27083633,97.09006865,8.4,0.12,0.45,157,5.25,568.75
106.9800228,98.23006956,8.5,0.14,0.39,141,1.75,527.5
79.88333422,99.67007072,8.4,0.14,0.42,149,5.25,458.75
87.84500746,99.95618206,8.5,0.11,0.45,157,3.5,568.75
86.83222887,101.4400721,8.3,0.2,0.36,141,7,555
81.47000235,102.3400729,8.6,0.13,0.36,141,3.5,555
179.4300807,102.6400731,8.4,0.11,0.45,157,3.5,513.75
196.2900942,106.5900763,8.5,0.15,0.34,133,3.5,582.5
81.81389152,113.770082,8.3,0.13,0.43,149,5.25,555
175.9714668,114.5100826,8.5,0.13,0.45,157,5.25,596.25
79.75500097,114.6100827,8.6,0.12,0.42,149,1.75,582.5
79.78277877,115.7467502,8.5,0.11,0.34,133,1.75,555
88.80500821,117.9100853,8.5,0.12,0.39,141,3.5,610
235.0101252,118.6400859,8.6,0.1,0.465,157,7,582.5
79.76111209,119.6100867,8.5,0.14,0.42,149,7,500
79.79944545,120.010087,8.4,0.19,0.34,133,5.25,568.75
86.16000611,121.9400885,8.3,0.11,0.43,149,7,527.5
79.74305652,121.9900886,8.4,0.14,0.39,141,5.25,527.5
79.86111217,122.560089,8.5,0.09,0.36,141,5.25,513.75
80.5300016,124.422035,8.3,0.09,0.34,133,8.75,582.2
79.44750073,125.6200915,8.4,0.12,0.39,141,10.5,485
93.44001184,126.4400921,7,0.09,0.37,141,3.5,65
199.1700965,130.020095,8.4,0.12,0.34,133,8.75,596.25
195.1400933,131.9400965,8.6,0.13,0.39,141,7,485
80.64500169,131.9600965,8.5,0.13,0.42,149,12.5,568.75
148.7300562,131.9800966,8.5,0.1,0.42,149,7,541.25
90.98000995,132.8100972,8.4,0.09,0.48,157,5.25,541.25
79.34916732,133.8700981,8.6,0.11,0.42,149,12.5,582.5
191.3600903,134.1300983,8.2,0.13,0.36,141,8.75,650
119.8800331,138.1201015,8.3,0.09,0.4,149,3.5,485
192.3700911,138.1701015,8.3,0.11,0.34,133,1.75,527.5
159.1900644,138.2228793,7,0.08,0.43,149,5.25,75
338.8990972,138.8401021,8.3,0.09,0.43,149,3.5,340
231.5701225,139.2101024,8.3,0.11,0.37,141,5.25,340
151.3700583,140.1601031,8.3,0.1,0.45,157,12.5,527.5
79.54805637,140.7601036,8.5,0.1,0.45,157,3.5,568.75
131.7600425,143.2801055,7.2,0.08,0.34,133,8.75,65
117.210031,143.4101057,8.2,0.09,0.43,149,8.75,416.25
89.21500845,145.3801072,7.6,0.06,0.37,141,3.5,62.5
155.1300612,146.6401082,7.4,0.05,0.4,149,5.25,70
143.1600517,149.8345553,8.4,0.13,0.34,133,8.75,596.25
83.84000425,151.6401123,8.6,0.1,0.39,141,7,582.5
153.2100596,151.6901123,7,0.07,0.34,133,3.5,67.5
153.1900597,152.3101128,8.4,0.13,0.39,141,12.5,568.75
154.9767278,153.7584473,8.4,0.1,0.34,133,7,555
129.1989294,154.2601144,8.4,0.11,0.39,141,10.5,471.25
170.7700738,154.6801147,8.5,0.12,0.45,157,10.5,555
120.0900333,154.9401149,8.3,0.12,0.37,141,5.25,541.25
154.0100604,155.6301155,8.3,0.09,0.36,141,10.5,513.75
96.52001439,156.260116,8.5,0.09,0.4,149,7,582.5
80.21000134,165.7401236,8.2,0.08,0.31,133,7,485
124.3800367,166.81568,8.5,0.09,0.43,149,10.5,443.75
79.14388937,168.730126,8.2,0.1,0.31,133,7,555
80.21000136,169.1204041,8.4,0.08,0.4,149,7,610
173.9200763,169.1701263,8.4,0.09,0.4,149,7,712.5
94.77195747,171.4067948,8.2,0.08,0.46,157,7,388.75
79.26805614,172.0401286,8,0.09,0.34,133,8.75,596.25
112.6200273,172.6401291,8.4,0.09,0.4,149,10.5,513.75
204.4601008,172.6701291,8.4,0.09,0.43,149,1.75,527.5
96.31001423,174.5301306,8.4,0.11,0.42,149,7,596.25
79.56805639,175.030131,8.4,0.1,0.34,133,7,513.75
95.97001395,175.030131,8.1,0.09,0.37,141,5.25,457.5
141.4100503,639.6660583,8.4,0.11,0.34,133,7,500
85.7130613,18.39445014,8.3,0.09,0.34,133,8.75,457.6
